Date,Day,Exam Name,Subject,Syllabus,Marks & Time
"04 Oct 2026","রবিবার","DU-A Live 01","পদার্থ + গণিত","পদ ১ম: ভেক্টর, গতিবিদ্যা; গণিত ১ম: ম্যাট্রিক্স ও নির্ণায়ক, সরলরেখা (৩.১-৩.৪)","৫০ মার্কস (৩০ মিনিট) | সন্ধ্যা ৬:০০ - রাত ১০:০০ (ফলাফল ১০:১৫)"
"06 Oct 2026","মঙ্গলবার","DU-A Live 02","রসায়ন + জীব","রস ১ম: গুণগত রসায়ন (কোয়ান্টাম সংখ্যা, বর্ণালী); জীব ১ম: কোষ ও এর গঠন, কোষ বিভাজন","৫০ মার্কস (৩০ মিনিট) | সন্ধ্যা ৬:০০ - রাত ১০:০০ (ফলাফল ১০:১৫)"
"08 Oct 2026","বৃহস্পতিবার","DU-A Live 03","ট্রিকস স্পেশাল","ক্যালকুলেটর ছাড়া দ্রুত মান নির্ণয়: সরলরেখার দূরত্ব, ভেক্টর ডট-ক্রস, দ্রাব্যতা শর্টকাট","৫০ মার্কস (৩০ মিনিট) | সন্ধ্যা ৬:০০ - রাত ১০:০০ (ফলাফল ১০:১৫)"
"09 Oct 2026","শুক্রবার","DU-A Weekly Mega 01","কম্বাইন্ড মেগা টেস্ট","DU-A Live 01, 02 ও 03 এর সম্পূর্ণ সিলেবাস (৪ বিষয় মিলিয়ে ১০০ মার্কস)","১০০ মার্কস (১ ঘণ্টা) | সকাল ৭:০০ - রাত ১০:০০ (ফলাফল ১০:১৫)"
"11 Oct 2026","রবিবার","DU-A Live 04","পদার্থ + গণিত","পদ ১ম: নিউটনিয়ান বলবিদ্যা, কাজ শক্তি ক্ষমতা; গণিত ১ম: বৃত্ত, ত্রিকোণমিতি","৫০ মার্কস (৩০ মিনিট) | সন্ধ্যা ৬:০০ - রাত ১০:০০ (ফলাফল ১০:১৫)"
"13 Oct 2026","মঙ্গলবার","DU-A Live 05","রসায়ন + জীব","রস ১ম: পর্যায়বৃত্ত ধর্ম ও রাসায়নিক বন্ধন; জীব ২য়: প্রাণীর বিভিন্নতা, পরিপাক ও শোষণ","৫০ মার্কস (৩০ মিনিট) | সন্ধ্যা ৬:০০ - রাত ১০:০০ (ফলাফল ১০:১৫)"
"15 Oct 2026","বৃহস্পতিবার","DU-A Live 06","ট্রিকস স্পেশাল","ক্যালকুলেটর ছাড়া ত্রিকোণমিতিক মান ও ঘর্ষণ কোণ ট্রিকস","৫০ মার্কস (৩০ মিনিট) | সন্ধ্যা ৬:০০ - রাত ১০:০০ (ফলাফল ১০:১৫)"
"16 Oct 2026","শুক্রবার","DU-A Weekly Mega 02","কম্বাইন্ড মেগা টেস্ট","DU-A Live 04, 05 ও 06 এর সম্পূর্ণ সিলেবাস","১০০ মার্কস (১ ঘণ্টা) | সকাল ৭:০০ - রাত ১০:০০ (ফলাফল ১০:১৫)"
"18 Oct 2026","রবিবার","DU-A Live 07","পদার্থ + গণিত","পদ ১ম: মহাকর্ষ ও অভিকর্ষ, পর্যায়বৃত্ত গতি; গণিত ১ম: অন্তরীকরণ (ডিফারেনসিয়েশন পূর্ণাঙ্গ)","৫০ মার্কস (৩০ মিনিট) | সন্ধ্যা ৬:০০ - রাত ১০:০০ (ফলাফল ১০:১৫)"
"20 Oct 2026","মঙ্গলবার","DU-A Live 08","রসায়ন + জীব","রস ১ম: রাসায়নিক পরিবর্তন (Kp, Kc, pH নির্ণয়); জীব ২য়: রক্ত ও সংবহন, শ্বসন ও শ্বাসক্রিয়া","৫০ মার্কস (৩০ মিনিট) | সন্ধ্যা ৬:০০ - রাত ১০:০০ (ফলাফল ১০:১৫)"
"22 Oct 2026","বৃহস্পতিবার","DU-A Live 09","ট্রিকস স্পেশাল","অন্তরীকরণের মুখে মুখে সমাধান ও pH ক্যালকুলেশন শর্ট ট্রিকস","৫০ মার্কস (৩০ মিনিট) | সন্ধ্যা ৬:০০ - রাত ১০:০০ (ফলাফল ১০:১৫)"
"23 Oct 2026","শুক্রবার","DU-A Weekly Mega 03","কম্বাইন্ড মেগা টেস্ট","DU-A Live 07, 08 ও 09 এর সম্পূর্ণ সিলেবাস","১০০ মার্কস (১ ঘণ্টা) | সকাল ৭:০০ - রাত ১০:০০ (ফলাফল ১০:১৫)"
"25 Oct 2026","রবিবার","DU-A Live 10","পদার্থ + গণিত","পদ ১ম ও ২য়: আদর্শ গ্যাস, তাপগতিবিদ্যা, স্থির তড়িৎ; গণিত ১ম: সমাকলন / যোগজীকরণ (ইন্টিগ্রেশন পূর্ণাঙ্গ)","৫০ মার্কস (৩০ মিনিট) | সন্ধ্যা ৬:০০ - রাত ১০:০০ (ফলাফল ১০:১৫)"
"27 Oct 2026","মঙ্গলবার","DU-A Live 11","রসায়ন + জীব","রস ২য়: পরিবেশ রসায়ন, তড়িৎ রসায়ন; জীব ১ম: অনুজীব, নগ্নবীজী ও আবৃতবীজী, টিস্যুতন্ত্র","৫০ মার্কস (৩০ মিনিট) | সন্ধ্যা ৬:০০ - রাত ১০:০০ (ফলাফল ১০:১৫)"
"29 Oct 2026","বৃহস্পতিবার","DU-A Live 12","ট্রিকস স্পেশাল","নির্দিষ্ট যোগজের শর্টকাট ট্রিকস ও গ্যাস সূত্রের গ্রাফ","৫০ মার্কস (৩০ মিনিট) | সন্ধ্যা ৬:০০ - রাত ১০:০০ (ফলাফল ১০:১৫)"
"30 Oct 2026","শুক্রবার","DU-A Weekly Mega 04","কম্বাইন্ড মেগা টেস্ট","DU-A Live 10, 11 ও 12 এর সম্পূর্ণ সিলেবাস","১০০ মার্কস (১ ঘণ্টা) | সকাল ৭:০০ - রাত ১০:০০ (ফলাফল ১০:১৫)"
"01 Nov 2026","রবিবার","DU-A Live 13","পদার্থ + গণিত","পদ ২য়: চল তড়িৎ, চৌম্বক ক্রিয়া; গণিত ২য়: জটিল সংখ্যা, বহুপদী সমীকরণ","৫০ মার্কস (৩০ মিনিট) | সন্ধ্যা ৬:০০ - রাত ১০:০০ (ফলাফল ১০:১৫)"
"03 Nov 2026","মঙ্গলবার","DU-A Live 14","রসায়ন + জীব","রস ২য়: জৈব যৌগ (পর্ব-১: সমাণুতা, হাইড্রোকার্বন, অ্যারোমেটিক); জীব ১ম: উদ্ভিদ শারীরতত্ত্ব (সালোকসংশ্লেষণ, শ্বসন)","৫০ মার্কস (৩০ মিনিট) | সন্ধ্যা ৬:০০ - রাত ১০:০০ (ফলাফল ১০:১৫)"
"05 Nov 2026","বৃহস্পতিবার","DU-A Live 15","ট্রিকস স্পেশাল","জৈব যৌগের শনাক্তকরণ পরীক্ষা ও জটিল সংখ্যার ওমেগা শর্টকাট","৫০ মার্কস (৩০ মিনিট) | সন্ধ্যা ৬:০০ - রাত ১০:০০ (ফলাফল ১০:১৫)"
"06 Nov 2026","শুক্রবার","DU-A Weekly Mega 05","কম্বাইন্ড মেগা টেস্ট","DU-A Live 13, 14 ও 15 এর সম্পূর্ণ সিলেবাস","১০০ মার্কস (১ ঘণ্টা) | সকাল ৭:০০ - রাত ১০:০০ (ফলাফল ১০:১৫)"
"08 Nov 2026","রবিবার","DU-A Live 16","পদার্থ + গণিত","পদ ২য়: ভৌত ও জ্যামিতিক আলোকবিজ্ঞান, আধুনিক পদ; গণিত ২য়: কনিক্স (পরাবৃত্ত, উপবৃত্ত, অধিবৃত্ত)","৫০ মার্কস (৩০ মিনিট) | সন্ধ্যা ৬:০০ - রাত ১০:০০ (ফলাফল ১০:১৫)"
"10 Nov 2026","মঙ্গলবার","DU-A Live 17","রসায়ন + জীব","রস ২য়: জৈব যৌগ (পর্ব-২: অ্যালকোহল, অ্যালডিহাইড, কিটোন, অ্যাসিড); জীব ২য়: মানব শারীরতত্ত্ব: সমন্বয়, প্রতিরক্ষা ও জিনতত্ত্ব","৫০ মার্কস (৩০ মিনিট) | সন্ধ্যা ৬:০০ - রাত ১০:০০ (ফলাফল ১০:১৫)"
"12 Nov 2026","বৃহস্পতিবার","DU-A Live 18","ট্রিকস স্পেশাল","কনিক্সের উৎকেন্দ্রিকতা ও বিকারক পরিবর্তনের দ্রুত ট্রিকস","৫০ মার্কস (৩০ মিনিট) | সন্ধ্যা ৬:০০ - রাত ১০:০০ (ফলাফল ১০:১৫)"
"13 Nov 2026","শুক্রবার","DU-A Weekly Mega 06","কম্বাইন্ড মেগা টেস্ট","DU-A Live 16, 17 ও 18 এর সম্পূর্ণ সিলেবাস","১০০ মার্কস (১ ঘণ্টা) | সকাল ৭:০০ - রাত ১০:০০ (ফলাফল ১০:১৫)"
"15 Nov 2026","রবিবার","DU-A Live 19","পদার্থ + গণিত","পদ ২য়: পরমাণু মডেল, সেমিকন্ডাক্টর ও ইলেকট্রনিক্স; গণিত ২য়: বিপরীত ত্রিকোণমিতি, দ্বিপদী বিস্তৃতি","৫০ মার্কস (৩০ মিনিট) | সন্ধ্যা ৬:০০ - রাত ১০:০০ (ফলাফল ১০:১৫)"
"17 Nov 2026","মঙ্গলবার","DU-A Live 20","রসায়ন + জীব","রস ২য়: পরিমাণগত রসায়ন (মোলারিটি, টাইট্রেশন, পিপিএম); জীব ১ম ও ২য়: জীবপ্রযুক্তি, বাস্তুতন্ত্র ও ধারাবাহিকতা","৫০ মার্কস (৩০ মিনিট) | সন্ধ্যা ৬:০০ - রাত ১০:০০ (ফলাফল ১০:১৫)"
"19 Nov 2026","বৃহস্পতিবার","DU-A Live 21","ট্রিকস স্পেশাল","লজিক গেট ও টাইট্রেশন ক্যালকুলেশন-লেস শর্ট ট্রিকস","৫০ মার্কস (৩০ মিনিট) | সন্ধ্যা ৬:০০ - রাত ১০:০০ (ফলাফল ১০:১৫)"
"20 Nov 2026","শুক্রবার","DU-A Weekly Mega 07","কম্বাইন্ড মেগা টেস্ট","DU-A Live 19, 20 ও 21 এর সম্পূর্ণ সিলেবাস","১০০ মার্কস (১ ঘণ্টা) | সকাল ৭:০০ - রাত ১০:০০ (ফলাফল ১০:১৫)"
"09 Oct 2026","শুক্রবার","DU-A Mega Mock 01","পূর্ণাঙ্গ মডেল টেস্ট","ঢাকা বিশ্ববিদ্যালয় 'ক' ইউনিট পূর্ণাঙ্গ মডেল টেস্ট - ০১","১০০ মার্কস (১ ঘণ্টা) | সকাল ৭:০০ - রাত ১০:০০ (ফলাফল ১০:১৫)"
"16 Oct 2026","শুক্রবার","DU-A Mega Mock 02","পূর্ণাঙ্গ মডেল টেস্ট","ঢাবি বিজ্ঞান ইউনিট গ্র্যান্ড রিহার্সাল মডেল টেস্ট - ০২ (১২ ডিসেম্বরের পরীক্ষা পূর্বে)","১০০ মার্কস (১ ঘণ্টা) | সকাল ৭:০০ - রাত ১০:০০ (ফলাফল ১০:১৫)"
